State,District,Rainfall,Temperature
Andaman and Nicobar Island,SOUTH ANDAMANS,3230.2810338971485,26.97428588590074
Andhra Pradesh,ADILABAD,1071.7184877893162,27.272061436253747
Andhra Pradesh,ANANTAPUR,628.3940812325463,27.14150550748075
Andhra Pradesh,CHITTOOR,956.4219881478958,26.87141856123628
Andhra Pradesh,EAST GODAVARI,1168.0351663546326,27.168618997252942
Andhra Pradesh,GUNTUR,841.7753234867603,28.596488528173353
Andhra Pradesh,KARIMNAGAR,975.0293005004471,27.62065837667736
Andhra Pradesh,KRISHNA,991.6945876897599,28.63723907749887
Andhra Pradesh,KURNOOL,659.7957385996428,27.701028765865075
Andhra Pradesh,MEDAK,971.3092179998123,26.805089338490976
Andhra Pradesh,NALGONDA,771.5610450477326,28.32318309023587
Andhra Pradesh,PRAKASAM,762.0523572270788,28.382709475394147
Andhra Pradesh,RANGAREDDI,787.8406191640772,26.928553820944614
Andhra Pradesh,SRIKAKULAM,1191.8578496813452,26.391830591160097
Andhra Pradesh,VISAKHAPATANAM,1244.1472041568331,25.270794821515008
Andhra Pradesh,VIZIANAGARAM,1188.4179982059613,26.433406809004943
Andhra Pradesh,WEST GODAVARI,1087.021517655227,28.316619161149085
Arunachal Pradesh,ANJAW,2823.0587875618276,7.495170557904436
Arunachal Pradesh,CHANGLANG,2644.8740542202727,18.63557392449973
Arunachal Pradesh,DIBANG VALLEY,2441.8534871143047,7.636002621498579
Arunachal Pradesh,EAST KAMENG,1550.3207990676267,11.25647731986616
Arunachal Pradesh,EAST SIANG,3691.6836039383666,20.964450930080687
Arunachal Pradesh,KRA DAADI,3315.667225535896,15.457216880402191
Arunachal Pradesh,KURUNG KUMEY,1324.0198624547313,12.778022095791648
Arunachal Pradesh,LOHIT,2567.9433028151693,15.390963638688389
Arunachal Pradesh,LONGDING,2219.0168031897783,19.916746150442087
Arunachal Pradesh,LOWER DIBANG VALLEY,2911.173658118739,14.948858066791914
Arunachal Pradesh,LOWER SUBANSIRI,3179.191413976238,20.55075878287395
Arunachal Pradesh,NAMSAI,2305.8404858980416,23.819050828130102
Arunachal Pradesh,PAPUM PARE,2500.052088688303,18.759627506218298
Arunachal Pradesh,SIANG,4143.068713347164,19.704948682217815
Arunachal Pradesh,TAWANG,1509.8760813130828,4.685067495646619
Arunachal Pradesh,TIRAP,2374.9166863030273,21.001856667700807
Arunachal Pradesh,UPPER SIANG,2816.7808866153396,12.628334810067976
Arunachal Pradesh,UPPER SUBANSIRI,3110.3748822936946,12.97786219428853
Arunachal Pradesh,WEST KAMENG,1940.101035897746,12.376693651775112
Arunachal Pradesh,WEST SIANG,4751.46921771545,20.712892311820998
Assam,BAKSA,2519.518816907584,24.80743514981196
Assam,BARPETA,2412.7418138919857,25.025074044377266
Assam,BONGAIGAON,2493.0001234873043,25.049301910020716
Assam,CACHAR,3002.653909771127,23.448625450587116
Assam,CHIRANG,3009.9661368622146,24.33446586582888
Assam,DARRANG,1752.1850944658088,24.479297873547488
Assam,DHEMAJI,3375.9958599898173,22.93182943610915
Assam,DHUBRI,2744.6450832532632,24.89174739740648
Assam,DIBRUGARH,2465.4236005805255,23.618332049951785
Assam,DIMA HASAO,2259.8586462598537,20.848501747220794
Assam,GOALPARA,2387.5859093259646,24.659224823403072
Assam,GOLAGHAT,1858.4743582342019,23.440774497600927
Assam,HAILAKANDI,2805.890842185701,25.324584527332828
Assam,JORHAT,2011.7402832266137,23.177005482339254
Assam,KAMRUP,1965.729945667996,23.6083441813457
Assam,KARIMGANJ,2940.776889758718,24.904436195386666
Assam,KOKRAJHAR,3423.5800460344126,24.403073340788783
Assam,LAKHIMPUR,2689.189106929721,23.48826479263695
Assam,NAGAON,1671.2132867223033,23.880930100256016
Assam,NALBARI,2145.8788827032954,25.008777835910422
Assam,SIVASAGAR,2250.446274655037,22.73798168371079
Assam,SONITPUR,2010.983014181979,23.66512120862941
Assam,TINSUKIA,2509.7187207382112,22.984774401849062
Assam,UDALGURI,1967.6806384847666,24.402193100771722
Bihar,ARARIA,1596.4668527675092,25.22900901186678
Bihar,ARWAL,933.2612397462004,26.024067892955618
Bihar,AURANGABAD,1019.6978744325634,25.83826186833873
Bihar,BANKA,1149.917423157014,25.568434747063385
Bihar,BEGUSARAI,998.3818936272395,26.096454636815412
Bihar,BHAGALPUR,1202.977729562464,25.63053094366229
Bihar,BHOJPUR,971.9707405044782,25.93542692540886
Bihar,BOKARO,1386.3768208173951,25.566540288446564
Bihar,BUXAR,983.7460370614431,25.787379798290573
Bihar,DARBHANGA,1061.7997377618315,25.536275430742915
Bihar,DHANBAD,1362.1287758499195,26.00819560865755
Bihar,DUMKA,1490.2651879840175,25.76525351558702
Bihar,GARHWA,1046.7946086580362,25.27508375288244
Bihar,GAYA,1018.1959659149742,25.644243078382864
Bihar,GIRIDIH,1248.8162861091218,25.322058243879603
Bihar,GODDA,1312.9964365388505,25.258710029954635
Bihar,GOPALGANJ,1084.1771966623162,25.366374043824123
Bihar,GUMLA,1440.3971918552227,23.533083137272826
Bihar,HAZARIBAGH,1260.3116899806614,24.492964759507913
Bihar,JAMUI,1097.511530364194,25.91648042381861
Bihar,JEHANABAD,829.4770362031599,26.103914060218703
Bihar,KAIMUR (BHABUA),995.8762099334556,25.68995023464593
Bihar,KATIHAR,1461.2955101668124,24.98876775160539
Bihar,KHAGARIA,1066.16390825586,25.996319729547498
Bihar,KISHANGANJ,2094.172955919452,24.71228263028757
Bihar,LAKHISARAI,1061.9604182162786,26.303899301690866
Bihar,LOHARDAGA,1335.6748960876214,23.6477416391892
Bihar,MADHEPURA,1229.5155939121896,25.66379360565521
Bihar,MADHUBANI,1181.1187217437512,25.39582264741144
Bihar,MUNGER,1097.4516492259384,26.18174275515733
Bihar,MUZAFFARPUR,1013.1490972523784,25.4998522784603
Bihar,NALANDA,908.0370310362641,26.158506342909156
Bihar,NAWADA,992.2060727689326,25.88924047095392
Bihar,PAKUR,1597.3351730419458,25.585160056372814
Bihar,PALAMU,1068.353483169876,25.03490670627028
Bihar,PASHCHIM CHAMPARAN,1370.3583139618581,25.160297193940362
Bihar,PATNA,957.5668486253631,26.108243969948653
Bihar,PURNIA,1470.4205689050252,24.931271187929866
Bihar,ROHTAS,1011.3117553314415,25.78303134447531
Bihar,SAHARSA,1088.9874088736608,25.82469742416839
Bihar,SAMASTIPUR,992.0248451590113,25.802274411901838
Bihar,SARAN,997.2986712571378,25.82504091881851
Bihar,SHEIKHPURA,1075.1639908339523,26.161193295990806
Bihar,SHEOHAR,1063.2746839339127,25.41708078467675
Bihar,SITAMARHI,1120.480772290143,25.417362816630376
Bihar,SIWAN,992.5381671155407,25.46740225048061
Bihar,SUPAUL,1315.0965920669262,25.557673642923767
Bihar,VAISHALI,1002.4723217659372,25.924136780475866
Chandigarh,CHANDIGARH,802.5584745762712,23.531285310734464
Chhattisgarh,BALOD,1371.4906259495046,26.817106809649143
Chhattisgarh,BALODA BAZAR,1273.6546737209856,27.630825881897007
Chhattisgarh,BALRAMPUR,1308.0320192595368,24.655185082269497
Chhattisgarh,BASTAR,1559.9007185542098,24.994375677339495
Chhattisgarh,BIJAPUR,1569.3876352567688,27.024122071232437
Chhattisgarh,BILASPUR,1167.729328590431,26.563448654529402
Chhattisgarh,DHAMTARI,1314.1248680310216,26.462470953731806
Chhattisgarh,DURG,1175.3566829240601,27.101459412986237
Chhattisgarh,JANJGIR-CHAMPA,1305.2122653989188,27.629980958070387
Chhattisgarh,JASHPUR,1399.2170841449301,24.315517776852573
Chhattisgarh,KONDAGAON,1564.3583318589876,25.113738877831935
Chhattisgarh,KORBA,1308.6389226747954,26.18250764141072
Chhattisgarh,MAHASAMUND,1339.6047830936504,27.120360279257437
Chhattisgarh,MUNGELI,1141.5360485238791,26.55069344519002
Chhattisgarh,NARAYANPUR,1565.296382145232,25.319353892783585
Chhattisgarh,RAIGARH,1365.9780882979453,26.297421941464112
Chhattisgarh,RAIPUR,1169.0192997913941,27.199436375415658
Chhattisgarh,RAJNANDGAON,1369.6039284135272,26.5997739641837
Chhattisgarh,SUKMA,1518.5504126805033,26.488793743144935
Chhattisgarh,SURAJPUR,1313.6361500530197,24.9895992654081
Chhattisgarh,SURGUJA,1349.0156026272641,24.398792628987348
Goa,NORTH GOA,2569.9440441522856,26.07031704103775
Goa,SOUTH GOA,2451.020707458741,25.478561894912986
Gujarat,AHMADABAD,807.2426767484112,27.936333357064324
Gujarat,AMRELI,729.5977133071776,26.78945906878886
Gujarat,ANAND,897.0241541349726,28.16287957154389
Gujarat,BANAS KANTHA,667.2813248082812,26.945906442896273
Gujarat,BHARUCH,1059.556250000919,28.022945558116525
Gujarat,BHAVNAGAR,759.1751727707017,27.54218825931037
Gujarat,CHHOTAUDEPUR,929.4294726808383,27.690602370948053
Gujarat,DEVBHUMI DWARKA,443.3099957399983,26.885851337563917
Gujarat,DOHAD,946.0285344888608,26.905184759473045
Gujarat,GANDHINAGAR,832.755759544427,27.47880632735424
Gujarat,GIR SOMNATH,739.1695579045589,27.231729489094192
Gujarat,JAMNAGAR,660.8538251187753,26.900597281027217
Gujarat,JUNAGADH,814.3055705535545,26.873576697711727
Gujarat,KACHCHH,465.2769649953581,27.202234206239932
Gujarat,KHEDA,829.2379603735669,27.92011478498731
Gujarat,MAHESANA,777.2414972235964,27.201563855351072
Gujarat,MAHISAGAR,881.7666226417042,28.204451451898613
Gujarat,MORBI,605.4292118292125,27.692810713822624
Gujarat,NARMADA,1224.103283547159,26.339954062941466
Gujarat,NAVSARI,2131.3089048999454,27.091406566254108
Gujarat,PANCH MAHALS,982.9652827256335,27.609777739834925
Gujarat,PATAN,700.637785566473,27.803363128460116
Gujarat,PORBANDAR,775.4044821607835,26.867681933105775
Gujarat,RAJKOT,735.0030792963964,27.15653835538887
Gujarat,SABAR KANTHA,862.030730630754,26.117941385195756
Gujarat,SURAT,1468.1140219155589,27.61652386043723
Gujarat,SURENDRANAGAR,664.5372193644953,27.656298239929225
Gujarat,TAPI,1490.2091559111102,27.139891652493606
Gujarat,VADODARA,987.9325572223311,27.77665895019366
Gujarat,VALSAD,2191.5049255151207,26.013206032158323
Haryana,AMBALA,889.1433967460465,23.09332917263473
Haryana,BHIWANI,408.1637807536538,25.355382197735246
Haryana,FARIDABAD,652.0938650768012,25.441243779865598
Haryana,FATEHABAD,378.83543159092375,25.228825983451188
Haryana,GURGAON,603.0093460496576,25.394440179878732
Haryana,HISAR,407.5270137395986,25.361107749946598
Haryana,JHAJJAR,544.261951325816,25.373664202982145
Haryana,JIND,504.4992856581674,24.872050513818852
Haryana,KAITHAL,533.7715074023163,24.508537965443217
Haryana,KARNAL,661.3719027127287,24.438710463414974
Haryana,KURUKSHETRA,690.1523482879785,24.067247891894123
Haryana,MAHENDRAGARH,503.0943445293449,25.407897750254996
Haryana,MEWAT,666.8255538357537,25.540586282515495
Haryana,PALWAL,700.564323697631,25.5053700151903
Haryana,PANCHKULA,1064.843661810162,20.81433625431599
Haryana,PANIPAT,627.2045096220519,24.81922973507474
Haryana,REWARI,546.475708634961,25.344033275270775
Haryana,ROHTAK,519.444388559119,25.263901441574337
Haryana,SIRSA,339.1257507823423,25.445889086549347
Haryana,SONIPAT,601.9439152460549,25.05099022773361
Haryana,YAMUNANAGAR,1082.2661749785798,23.906211497885174
Himachal Pradesh,BILASPUR,1215.7760215941487,23.310856565787972
Himachal Pradesh,CHAMBA,2023.5209763865296,14.218446260287264
Himachal Pradesh,HAMIRPUR,1657.4780575015639,25.465675665054945
Himachal Pradesh,KANGRA,2111.7362601329996,22.021350921435904
Himachal Pradesh,KINNAUR,971.4382423127875,-1.4486567302933622
Himachal Pradesh,KULLU,1750.1714317684439,10.073322255687167
Himachal Pradesh,MANDI,1435.1955890604406,21.190307588940733
Himachal Pradesh,SHIMLA,1302.8889789261048,11.685982860881536
Himachal Pradesh,SIRMAUR,1497.6550275224545,17.208861694157363
Himachal Pradesh,SOLAN,1208.4259588807518,20.862442052831806
Himachal Pradesh,UNA,1461.8629275871233,25.37178884491942
Jammu and Kashmir,ANANTNAG,995.104305516392,8.30312608352907
Jammu and Kashmir,BADGAM,793.7595108074667,11.629419693425106
Jammu and Kashmir,DODA,1237.3243988751815,13.356786157908578
Jammu and Kashmir,GANDERBAL,1192.1544986256908,5.706189793047122
Jammu and Kashmir,JAMMU,1211.393057357842,23.23776042294328
Jammu and Kashmir,KATHUA,1549.347476005968,17.529620314441924
Jammu and Kashmir,KISHTWAR,969.1951581686974,2.9967627129503573
Jammu and Kashmir,KULGAM,972.9613406423599,12.9397816689285
Jammu and Kashmir,KUPWARA,1415.3322696074422,13.773868508691582
Jammu and Kashmir,PULWAMA,862.7667889221126,9.9452428192201
Jammu and Kashmir,RAMBAN,1286.819876374598,18.65915182459847
Jammu and Kashmir,REASI,1577.317208047461,18.30410366866734
Jammu and Kashmir,SAMBA,1473.2197364105157,21.45151148615124
Jammu and Kashmir,SRINAGAR,947.9763192690826,9.932644663274239
Jammu and Kashmir,UDHAMPUR,1556.1127345271668,18.381941351453026
Jharkhand,BOKARO,1418.8091749212274,25.77754813987445
Jharkhand,CHATRA,1209.1572918852617,24.822421848963334
Jharkhand,DEOGHAR,1336.9471834100882,25.609756946061054
Jharkhand,DHANBAD,1417.8902825312684,26.1931736920482
Jharkhand,DUMKA,1458.8550410641046,26.08570994011715
Jharkhand,GARHWA,1133.118011392493,25.634851840373447
Jharkhand,GIRIDIH,1236.846110926945,25.403926678283955
Jharkhand,GODDA,1219.7960549418742,25.52340087366057
Jharkhand,GUMLA,1430.1512731625965,23.805247565431134
Jharkhand,HAZARIBAGH,1239.9745158308392,24.597184610084486
Jharkhand,JAMTARA,1427.0568251002192,26.15714484488944
Jharkhand,KHUNTI,1411.9603893819328,25.353235723194995
Jharkhand,LATEHAR,1294.211388451348,24.281488615628128
Jharkhand,LOHARDAGA,1340.5832306047803,23.9334447673535
Jharkhand,PAKUR,1484.025675016372,26.026014452492316
Jharkhand,PALAMU,1173.3231449638372,25.382363497248573
Jharkhand,RAMGARH,1355.1510344327687,25.140456934819255
Jharkhand,RANCHI,1356.1202458521702,24.77515637237567
Jharkhand,SIMDEGA,1477.1719842383216,25.562339375988905
Karnataka,BANGALORE RURAL,926.5471191467021,24.34933301130015
Karnataka,BIDAR,894.0682205110215,26.802597988693254
Karnataka,CHIKKABALLAPURA,849.724926690683,25.358715362998936
Karnataka,CHITRADURGA,647.7495169484334,25.659864073986608
Karnataka,DAKSHINA KANNADA,3512.6011344184076,25.219226989416736
Karnataka,DHARWAD,828.3226275955243,25.14137378888
Karnataka,GADAG,600.12708797685,25.451475731585532
Karnataka,HASSAN,1158.8089136519986,23.343390119493186
Karnataka,HAVERI,811.899215718808,25.57878894525859
Karnataka,KODAGU,2677.5321684840924,23.07181298151923
Karnataka,KOLAR,888.2333776794541,24.884803675527447
Karnataka,KOPPAL,607.2067045969065,26.27733270970104
Karnataka,MANDYA,873.6893519490726,24.738204000702364
Karnataka,RAICHUR,619.3395633014452,27.23553215420168
Karnataka,RAMANAGARA,1012.1170479653678,25.13265805793586
Karnataka,UDUPI,3751.5826324081254,26.354517382961085
Karnataka,UTTARA KANNADA,2342.2637699887177,25.741282288523692
Kerala,ALAPPUZHA,3222.376254538076,27.8966270817463
Kerala,ERNAKULAM,3542.151327361267,26.67438664083521
Kerala,IDUKKI,2213.4751378767733,24.458263788807614
Kerala,KANNUR,3767.194130280938,25.670599787349904
Kerala,KASARAGOD,4003.635254653125,27.435396268952257
Kerala,KOLLAM,2378.011157955216,25.619320130568976
Kerala,KOTTAYAM,3623.6460742297436,27.37310762232752
Kerala,KOZHIKODE,3645.0370720000415,26.222071404176855
Kerala,MALAPPURAM,2550.06598119808,27.724713463296947
Kerala,PALAKKAD,2335.237305699733,27.141506810849076
Kerala,PATHANAMTHITTA,2478.5451724739537,25.486737560081455
Kerala,THIRUVANANTHAPURAM,2068.1906801282475,24.978450940447132
Kerala,THRISSUR,3083.1105053500473,27.612308756113798
Kerala,WAYANAD,3001.476969316565,24.03537979164304
Ladakh,KARGIL,602.9055637996349,-2.439377060001137
Madhya Pradesh,ALIRAJPUR,925.4287898084528,26.6734143738421
Madhya Pradesh,ANUPPUR,1236.920705724719,23.93405405629757
Madhya Pradesh,ASHOKNAGAR,888.1738755052457,26.11689906860541
Madhya Pradesh,BALAGHAT,1473.504105678464,25.62596962965066
Madhya Pradesh,BARWANI,822.323558493042,26.803796213060533
Madhya Pradesh,BASTAR,1411.9494184014518,25.18335014814925
Madhya Pradesh,BETUL,1161.0993690750197,25.063614346161483
Madhya Pradesh,BHIND,764.0318987208695,26.061030206018113
Madhya Pradesh,BHOPAL,1033.0332835474208,26.019446569658555
Madhya Pradesh,BURHANPUR,898.4520240001029,27.0416485894856
Madhya Pradesh,CHHATARPUR,999.711190949581,26.28306938214271
Madhya Pradesh,CHHINDWARA,1333.5965109127997,24.83225845374345
Madhya Pradesh,DAMOH,1225.191131969275,26.579196703991784
Madhya Pradesh,DATIA,756.4819215473672,26.53432332790567
Madhya Pradesh,DEWAS,1013.6546529309875,26.234039911686015
Madhya Pradesh,DHAMTARI,1163.4892456293294,26.44613126320406
Madhya Pradesh,DHAR,865.7012860328251,26.582565951834166
Madhya Pradesh,DINDORI,1384.102386056336,23.4131253996582
Madhya Pradesh,DURG,986.7588574400198,26.915757806636144
Madhya Pradesh,GUNA,916.549152937649,26.238879931903412
Madhya Pradesh,GWALIOR,754.1186816684504,25.990380690831135
Madhya Pradesh,HARDA,1149.6757352641653,26.850065833151803
Madhya Pradesh,HOSHANGABAD,1307.2722338896585,25.868458863243436
Madhya Pradesh,INDORE,945.540600411347,25.846746381023586
Madhya Pradesh,JABALPUR,1428.9720956736817,25.30326417242781
Madhya Pradesh,JANJGIR-CHAMPA,1178.270484828263,27.581770768913284
Madhya Pradesh,JASHPUR,1368.0117737795563,24.306750806939434
Madhya Pradesh,JHABUA,894.6236241172023,26.355794498636076
Madhya Pradesh,KATNI,1263.8160514605077,25.686644769757407
Madhya Pradesh,KORBA,1233.913463498352,26.15413188742055
Madhya Pradesh,MAHASAMUND,1158.4209823920385,27.09893825967145
Madhya Pradesh,MANDLA,1508.994059269444,24.34971695493563
Madhya Pradesh,MANDSAUR,788.8287028184408,26.10626433129058
Madhya Pradesh,MORENA,732.9965232327723,25.759433504975583
Madhya Pradesh,NEEMUCH,789.4645660664711,26.091615205250527
Madhya Pradesh,PANNA,1075.845405846825,25.773421281855516
Madhya Pradesh,RAISEN,1220.968676539466,26.173827140306155
Madhya Pradesh,RAJGARH,941.352228972029,26.992452042608182
Madhya Pradesh,RAJNANDGAON,1275.747253483323,26.32306350838456
Madhya Pradesh,RATLAM,854.721530554253,26.312564111712668
Madhya Pradesh,REWA,971.4903506536655,25.763154369383283
Madhya Pradesh,SAGAR,1163.231934780569,26.385238867131743
Madhya Pradesh,SATNA,964.5939154213155,25.82540963815635
Madhya Pradesh,SEHORE,1092.2520674866355,26.215056621245015
Madhya Pradesh,SEONI,1382.709271933985,25.11689129293956
Madhya Pradesh,SHAHDOL,1131.901473952556,25.326336197421963
Madhya Pradesh,SHAJAPUR,977.3153026361747,26.384643898791467
Madhya Pradesh,SHEOPUR,695.8889664920109,26.102370879729143
Madhya Pradesh,SHIVPURI,758.0190084738875,26.073262304307857
Madhya Pradesh,SIDHI,1088.676807835605,25.34314738948433
Madhya Pradesh,SINGRAULI,1115.4208503828788,25.195861602731817
Madhya Pradesh,SURGUJA,1310.0447459026052,24.313203120046328
Madhya Pradesh,TIKAMGARH,928.8518976482675,26.450992511212156
Madhya Pradesh,UJJAIN,891.1728206556322,26.03001483522258
Madhya Pradesh,UMARIA,1267.0436598064716,25.072931050234462
Madhya Pradesh,VIDISHA,1044.340762490425,26.275151662660637
Maharashtra,AKOLA,838.9306137907242,27.23164736259339
Maharashtra,AMRAVATI,951.3232107052092,26.83333996247758
Maharashtra,AURANGABAD,829.3286345843755,25.736489021883376
Maharashtra,BHANDARA,1390.2345283665086,27.30333558518732
Maharashtra,CHANDRAPUR,1312.1887846717273,27.33086820510778
Maharashtra,DHULE,794.0259820146961,26.499255142427536
Maharashtra,GADCHIROLI,1524.1770908347537,27.244619327383
Maharashtra,HINGOLI,932.982475855675,26.950195266303638
Maharashtra,JALGAON,833.2942125485855,27.17770229057809
Maharashtra,JALNA,850.7492464880517,26.403008657111457
Maharashtra,KOLHAPUR,1957.198371352162,25.28853275215139
Maharashtra,LATUR,844.2863764245221,26.572643292027635
Maharashtra,NAGPUR,1207.2852839762977,26.874948305507253
Maharashtra,NANDED,1017.9839972909899,27.246851297197818
Maharashtra,NANDURBAR,966.5845429894515,25.626003255523763
Maharashtra,NASHIK,1214.3470919419497,24.818323761515632
Maharashtra,OSMANABAD,708.2309184561685,26.668871153958023
Maharashtra,PALGHAR,2702.7178256843695,26.8477413832312
Maharashtra,PARBHANI,896.7735800912352,26.957766873405216
Maharashtra,PUNE,1112.2477425469856,24.78825257089118
Maharashtra,RATNAGIRI,3434.6437029260974,25.66176810340087
Maharashtra,SANGLI,747.7290718183552,25.216905537282173
Maharashtra,SATARA,1347.2403895324553,24.23013898682076
Maharashtra,SINDHUDURG,3381.4139411302444,27.2147959056417
Maharashtra,SOLAPUR,607.1496925390413,26.747896099670132
Maharashtra,THANE,2385.3060805969826,26.138062343583353
Maharashtra,WARDHA,1088.461690323229,27.421059351789072
Maharashtra,WASHIM,909.0567528591233,26.95489304716583
Maharashtra,YAVATMAL,1035.8042966008154,27.553069274261183
Manipur,BISHNUPUR,1462.27375476171,19.159208339310513
Manipur,CHANDEL,1516.0465411410585,22.121272075428358
Manipur,CHURACHANDPUR,1844.3362169175045,19.63511669972022
Manipur,IMPHAL EAST,1604.0810919748938,19.52473839388397
Manipur,IMPHAL WEST,1636.7899130524804,18.96468083870033
Manipur,SENAPATI,1815.0053699445818,19.52290428571855
Manipur,TAMENGLONG,2397.815144783865,19.433710133286638
Manipur,THOUBAL,1554.3338623475013,19.655220470283993
Manipur,UKHRUL,1798.0790006876698,18.250550055927402
Meghalaya,EAST GARO HILLS,2346.338070122948,24.299020241780536
Meghalaya,EAST JAINTIA HILLS,3243.275972202848,19.99103231952037
Meghalaya,EAST KHASI HILLS,7223.274863490925,20.08182971363792
Meghalaya,NORTH GARO HILLS,2208.9692410796374,24.386740441239738
Meghalaya,SOUTH GARO HILLS,2597.1601000694372,25.392182312079434
Meghalaya,SOUTH WEST GARO HILLS,2187.870440029334,25.564069744208037
Meghalaya,SOUTH WEST KHASI HILLS,8890.25764933373,22.9031045811398
Meghalaya,WEST GARO HILLS,2591.925392830797,25.431478349355384
Meghalaya,WEST JAINTIA HILLS,2916.113390638682,21.23084710834723
Meghalaya,WEST KHASI HILLS,3594.106518052716,21.92818789927947
Mizoram,AIZAWL,2410.961322810675,22.335780174727795
Mizoram,CHAMPHAI,2254.815055558741,19.68705690246189
Mizoram,KOLASIB,2503.8665528312426,24.486391569360023
Mizoram,LAWNGTLAI,3288.2968245066804,24.259775161990685
Mizoram,LUNGLEI,3415.9291626956874,23.95490469365504
Mizoram,MAMIT,2527.6544057676597,23.582531308864
Mizoram,SAIHA,3106.620347002964,21.772797782840627
Mizoram,SERCHHIP,3340.911790581666,21.3753013490614
Nagaland,DIMAPUR,1509.0940255756302,22.383811582774754
Nagaland,KIPHIRE,2096.3596337225613,18.95165421347768
Nagaland,KOHIMA,1780.7766352061506,21.215817766818276
Nagaland,LONGLENG,2296.7838379411646,19.866348675844044
Nagaland,MOKOKCHUNG,2282.4374351063657,19.90116502457601
Nagaland,MON,2350.4068496989607,18.59964902301995
Nagaland,PEREN,1870.9087660036498,20.602110719706264
Nagaland,PHEK,1922.141424982128,19.5410715457652
Nagaland,TUENSANG,2364.131507230719,14.491281869727818
Nagaland,WOKHA,2249.8758377451663,21.781545018583923
Nagaland,ZUNHEBOTO,2131.500650937508,18.689297223737192
Odisha,ANUGUL,1457.6412650468885,26.346797655386954
Odisha,BALANGIR,1340.3623312062052,27.233411356998545
Odisha,BALESHWAR,1607.5810428711136,26.67609922732273
Odisha,BARGARH,1363.822019526464,27.20377670875061
Odisha,BHADRAK,1622.0230257533624,26.26494467834136
Odisha,CUTTACK,1611.1949375038969,26.98060681299672
Odisha,DHENKANAL,1473.2544636168827,26.58646304291734
Odisha,GAJAPATI,1360.7219155723708,25.274700942910854
Odisha,GANJAM,1376.6457526303125,26.48244655836058
Odisha,JAGATSINGHAPUR,1750.0508241758241,27.176304945054945
Odisha,JAJAPUR,1572.3274446150044,26.48361587623503
Odisha,JHARSUGUDA,1414.538119442991,26.957364402909594
Odisha,KALAHANDI,1365.5154131275556,25.930039234587387
Odisha,KANDHAMAL,1496.161544246546,25.078363897774842
Odisha,KENDRAPARA,1641.2211427948716,26.500371213143602
Odisha,KENDUJHAR,1509.747597113037,25.072383943542714
Odisha,KHORDHA,1523.031614711319,27.20289369795802
Odisha,KORAPUT,1490.5135115420717,24.406950901655502
Odisha,MALKANGIRI,1497.7452072071396,25.148338751280107
Odisha,MAYURBHANJ,1549.8122881570707,25.054336023665016
Odisha,NAYAGARH,1491.9173134038585,26.64849260132789
Odisha,NUAPADA,1298.7173018095493,26.78222540586032
Odisha,PURI,1509.368681762058,27.313048694717722
Odisha,RAYAGADA,1284.6343825766921,25.713926034167297
Odisha,SAMBALPUR,1449.2673111620477,26.481233338424964
Odisha,SUNDARGARH,1452.2829149082402,26.149516190501686
Puducherry,KARAIKAL,1104.2135790376515,28.697962102281906
Puducherry,MAHE,3977.608737864078,25.790695792880257
Punjab,AMRITSAR,684.6865049130597,23.489374951060693
Punjab,BARNALA,513.5441290894222,24.506571256493096
Punjab,BATHINDA,377.01453557843087,24.812668227574207
Punjab,FARIDKOT,467.7448785288709,24.35604079894523
Punjab,FATEHGARH SAHIB,653.5367269970787,23.97156178223606
Punjab,FAZILKA,572.2184383455705,24.97694248381094
Punjab,FIROZEPUR,515.9598685727934,24.15052872819461
Punjab,GURDASPUR,896.1277167578148,24.00076205973776
Punjab,HOSHIARPUR,1070.5336791998784,24.811141586706118
Punjab,JALANDHAR,708.4209252650776,24.399500243957014
Punjab,KAPURTHALA,701.3640302944634,24.23871422396411
Punjab,LUDHIANA,603.6959179211298,24.149762313643702
Punjab,MANSA,371.672040200926,25.035037667642815
Punjab,MOGA,510.2682720675768,24.131399554409334
Punjab,MUKTSAR,379.21599226092883,24.86418772579774
Punjab,PATHANKOT,1598.121539038664,23.091329128516655
Punjab,PATIALA,596.5816930207382,24.197728108827775
Punjab,RUPNAGAR,883.0766995914456,23.598054480186473
Punjab,SANGRUR,480.73141635790944,24.52895557316882
Punjab,SHAHID BHAGAT SINGH NAGAR,802.1644763663433,24.079742000655166
Punjab,TARN TARAN,676.4339120112224,23.901523250868383
Rajasthan,AJMER,499.34136953387474,26.23449874167584
Rajasthan,ALWAR,601.617548991618,25.605409383443202
Rajasthan,BANSWARA,882.7332308496298,26.914669789555507
Rajasthan,BARAN,778.1397768132541,26.76949583346218
Rajasthan,BARMER,309.66540142629293,27.512481297213785
Rajasthan,BHARATPUR,660.7798772636863,25.535319236766988
Rajasthan,BHILWARA,606.3858248323115,26.154761012644865
Rajasthan,BIKANER,260.2764667553571,26.83026921158157
Rajasthan,BUNDI,664.481556837394,27.074331455827927
Rajasthan,CHURU,322.3453476932749,25.922778193642966
Rajasthan,DAUSA,610.6020866779558,26.152286969293677
Rajasthan,DUNGARPUR,807.9417801626253,26.976128951988773
Rajasthan,GANGANAGAR,250.50980845556592,25.9088185485939
Rajasthan,HANUMANGARH,294.9401350794006,25.606363101096015
Rajasthan,JAIPUR,533.6291253118214,25.84238023910225
Rajasthan,JAISALMER,218.36479934220458,27.135620482711904
Rajasthan,JHALAWAR,856.8739316952538,26.74643209081041
Rajasthan,JODHPUR,310.9534330305454,26.91137860259798
Rajasthan,KARAULI,655.8586057100281,25.889183214880298
Rajasthan,KOTA,742.1506439963201,26.887582700679125
Rajasthan,NAGAUR,373.46936363520194,26.31927401125362
Rajasthan,PALI,498.610975120933,26.20458085033509
Rajasthan,PRATAPGARH,866.4043377003169,25.876297736726798
Rajasthan,RAJSAMAND,602.2472412788483,24.879253283769106
Rajasthan,SAWAI MADHOPUR,685.7650236896548,26.36091200137412
Rajasthan,SIKAR,441.43568601385675,25.419635097729856
Rajasthan,SIROHI,867.9057836444898,24.732636375559803
Rajasthan,TONK,605.8860370035968,26.673100851583435
Rajasthan,UDAIPUR,773.4166800831083,25.06797874911437
Sikkim,EAST DISTRICT,2517.348200898964,12.22990846656092
Sikkim,NORTH DISTRICT,1747.2116859297553,1.8635670445669905
Sikkim,SOUTH DISTRICT,2532.222221610453,14.96765997781834
Sikkim,WEST DISTRICT,2471.599320154001,12.300867962616968
Tamil Nadu,ARIYALUR,905.1571600858096,28.94310579800629
Tamil Nadu,COIMBATORE,1783.7147529281913,25.959730481254592
Tamil Nadu,CUDDALORE,1132.278082436039,28.663883692230183
Tamil Nadu,DHARMAPURI,1051.159252459666,26.6525656970851
Tamil Nadu,DINDIGUL,939.0520188742743,26.413596432165836
Tamil Nadu,ERODE,1157.2517593716022,25.316060255634703
Tamil Nadu,KANNIYAKUMARI,1508.8457442837746,27.193534140741473
Tamil Nadu,KARUR,800.9461326382697,28.222624052635755
Tamil Nadu,KRISHNAGIRI,1007.2386525516612,25.797202132821376
Tamil Nadu,MADURAI,936.5284810924472,27.99344317998322
Tamil Nadu,NAGAPATTINAM,1069.6629629629629,28.723276748971195
Tamil Nadu,NAMAKKAL,915.9721521642322,28.032160182771698
Tamil Nadu,PERAMBALUR,971.2849641004854,28.46844870130618
Tamil Nadu,PUDUKKOTTAI,943.4327397548388,28.94550330590849
Tamil Nadu,RAMANATHAPURAM,825.9430353734523,28.99995353245001
Tamil Nadu,SALEM,1104.0726499955485,26.619267407479878
Tamil Nadu,SIVAGANGA,901.4003523830118,29.002328909413357
Tamil Nadu,THANJAVUR,979.2422297312307,29.027505289548838
Tamil Nadu,THE NILGIRIS,1578.0039178306004,23.94194662351105
Tamil Nadu,THENI,1169.9882114567429,25.177547218933203
Tamil Nadu,THIRUVALLUR,1162.160246043466,28.498296404543392
Tamil Nadu,THIRUVARUR,1032.3534808116012,28.875106028947112
Tamil Nadu,TIRUCHIRAPPALLI,891.877357835279,28.627167328541255
Tamil Nadu,TIRUNELVELI,1213.0082943995403,27.113398476509676
Tamil Nadu,TIRUPPUR,1085.3229749795519,26.265927034590696
Tamil Nadu,TIRUVANNAMALAI,1128.7163606685733,28.293753667575213
Tamil Nadu,VELLORE,999.0487715389913,27.247410671902802
Tamil Nadu,VIRUDHUNAGAR,898.0763041387223,28.23120479834851
Telangana,ADILABAD,1023.9255400739638,27.737681620873925
Telangana,BHADRADRI,1238.9558727162694,27.859337922959035
Telangana,JAYASHANKAR,1309.3467093130146,28.343892852336026
Telangana,JOGULAMBA,739.3314712818956,28.553052691837177
Telangana,KAMAREDDY,1262.3283138274812,28.330709731964347
Telangana,KARIMNAGAR,890.5982621267231,27.77427679048741
Telangana,KHAMMAM,961.2209462526423,28.420618871902175
Telangana,MAHABUBABAD,1103.2701614272428,27.95225248958289
Telangana,MANCHERIAL,1182.8798841396758,28.199059386649143
Telangana,MEDAK,967.3736964041573,27.375368760489195
Telangana,NAGARKURNOOL,840.5903685896623,27.13808803035901
Telangana,NALGONDA,730.2256292297852,28.55739149171216
Telangana,NIRMAL,1099.3668689412839,28.632105375282848
Telangana,NIZAMABAD,1063.3083502099205,27.94570741829519
Telangana,PEDDAPALLI,1148.7048804343835,28.14100793377789
Telangana,RANGAREDDI,771.9489530592052,27.167954861312786
Telangana,SANGAREDDY,1157.0338968819292,27.864184373497228
Telangana,SIDDIPET,1067.5108501534635,27.708453620669847
Telangana,SURYAPET,891.1174263838898,28.9742699682015
Telangana,VIKARABAD,1030.9682808549142,27.65675115481305
Telangana,WANAPARTHY,815.091792576879,28.271029688839764
Tripura,DHALAI,2167.7282346248735,24.402215224933958
Tripura,GOMATI,2357.104836465109,25.092926587726275
Tripura,KHOWAI,2345.637747372244,24.666945287290314
Tripura,NORTH TRIPURA,2533.684991634223,24.40266868435347
Tripura,SOUTH TRIPURA,2383.509751652782,25.33972700287319
Tripura,WEST TRIPURA,2055.187185304267,25.220031692345156
Uttar Pradesh,AGRA,730.5010558407716,25.683295907720364
Uttar Pradesh,ALIGARH,730.3744798379188,25.49481730224689
Uttar Pradesh,ALLAHABAD,899.3073070018106,26.222909480975126
Uttar Pradesh,ALMORA,1374.371415282244,19.195630805179082
Uttar Pradesh,AMBEDKAR NAGAR,997.8409706489473,25.780002346990184
Uttar Pradesh,AMETHI,945.1341199230523,26.129512295860174
Uttar Pradesh,AURAIYA,783.6317335612215,25.826841120815686
Uttar Pradesh,AZAMGARH,970.8274107495009,25.884314141864714
Uttar Pradesh,BAGHPAT,695.9045808810781,24.982345487522416
Uttar Pradesh,BAHRAICH,1136.5168254599334,25.449472892817237
Uttar Pradesh,BALLIA,978.7637647487629,25.71691785741129
Uttar Pradesh,BALRAMPUR,1335.2094918065798,25.347559791422754
Uttar Pradesh,BANDA,816.7616100102442,26.45944260395818
Uttar Pradesh,BAREILLY,1172.7357917779223,25.16270231740713
Uttar Pradesh,BASTI,1143.7177929252296,25.601366532878284
Uttar Pradesh,BIJNOR,1106.540296991826,24.615913621429527
Uttar Pradesh,BUDAUN,924.3050338978534,25.213489593819602
Uttar Pradesh,BULANDSHAHR,769.4941495624986,25.37890645407471
Uttar Pradesh,CHAMOLI,1532.5058127738525,4.153013059986328
Uttar Pradesh,CHAMPAWAT,1504.2267100019883,18.01904311199927
Uttar Pradesh,CHANDAULI,975.1832932806603,25.636449290978376
Uttar Pradesh,CHITRAKOOT,867.7776201396944,26.453681078396144
Uttar Pradesh,DEORIA,1080.1692508421263,25.483496183046224
Uttar Pradesh,ETAH,765.4102066509964,25.47584974959827
Uttar Pradesh,ETAWAH,771.6414222446077,25.85459671670856
Uttar Pradesh,FAIZABAD,1039.972371966836,25.691737243084745
Uttar Pradesh,FARRUKHABAD,853.2314971732161,25.50516641848523
Uttar Pradesh,FATEHPUR,837.4419077682214,26.324191459254624
Uttar Pradesh,FIROZABAD,743.6664760933921,25.628564930608935
Uttar Pradesh,GAUTAM BUDDHA NAGAR,704.6814022511845,25.364207253922075
Uttar Pradesh,GHAZIABAD,733.7864318061366,25.26279102224219
Uttar Pradesh,GHAZIPUR,972.4421881407372,25.841507591149284
Uttar Pradesh,GONDA,1110.632997322175,25.566995648222463
Uttar Pradesh,GORAKHPUR,1159.5448108613714,25.45738054337156
Uttar Pradesh,HAMIRPUR,762.7200511674306,26.35540306644569
Uttar Pradesh,HAPUR,820.0858621393759,25.504068833609956
Uttar Pradesh,HARDOI,938.9281939929166,25.673569362862516
Uttar Pradesh,JALAUN,784.1064349386648,26.214835855879855
Uttar Pradesh,JAUNPUR,899.5455446250213,26.078143728332908
Uttar Pradesh,JHANSI,800.6302633040133,26.537946989705286
Uttar Pradesh,KANNAUJ,820.1919024518986,25.67222197033352
Uttar Pradesh,KANPUR DEHAT,803.9197085347824,25.94899952386535
Uttar Pradesh,KANPUR NAGAR,793.5933546394235,25.928636812631364
Uttar Pradesh,KAUSHAMBI,891.146931760968,26.470920959117343
Uttar Pradesh,KHERI,1181.0774222681846,25.55311698099618
Uttar Pradesh,KUSHI NAGAR,1287.6153750437427,25.339455157909697
Uttar Pradesh,LALITPUR,956.8749006793395,26.537492418990173
Uttar Pradesh,LUCKNOW,879.1077145501181,25.465423080446413
Uttar Pradesh,MAHOBA,788.8614237930774,26.2053850540335
Uttar Pradesh,MAINPURI,775.9555634078421,25.461729352727424
Uttar Pradesh,MATHURA,680.9077046112031,25.565828295868908
Uttar Pradesh,MAU,994.5985672065976,25.73785907939373
Uttar Pradesh,MEERUT,847.020982506857,25.01406983930817
Uttar Pradesh,MIRZAPUR,924.4970743036392,25.526539249911302
Uttar Pradesh,MORADABAD,1010.5093483831463,25.09670891957903
Uttar Pradesh,MUZAFFARNAGAR,870.9990587954263,24.665949481085764
Uttar Pradesh,PILIBHIT,1299.5026965559882,25.315682925877105
Uttar Pradesh,PITHORAGARH,1718.951982617987,6.770290978317303
Uttar Pradesh,PRATAPGARH,890.1339851166344,26.336441101659958
Uttar Pradesh,RAE BARELI,855.3116668675422,26.02677731420386
Uttar Pradesh,RAMPUR,1196.825018547637,25.154926147145368
Uttar Pradesh,RUDRA PRAYAG,1468.2056895353853,7.400390775570794
Uttar Pradesh,SAHARANPUR,1065.0587150754006,23.87468514924683
Uttar Pradesh,SAMBHAL,864.6522266313199,25.41229798993401
Uttar Pradesh,SANT KABEER NAGAR,1194.2141674496047,25.473606515743825
Uttar Pradesh,SHAHJAHANPUR,1054.1525100229537,25.406949814498986
Uttar Pradesh,SITAPUR,989.4153579799239,25.587596658107977
Uttar Pradesh,SONBHADRA,991.2007581048313,25.23726352116477
Uttar Pradesh,SULTANPUR,956.3644303557219,25.978402550491126
Uttar Pradesh,TEHRI GARHWAL,1672.069159974161,14.531941325592271
Uttar Pradesh,UDAM SINGH NAGAR,1396.3688416689895,23.493714196327552
Uttar Pradesh,UNNAO,836.5833730144732,25.67082136421082
Uttar Pradesh,VARANASI,915.5476533749453,26.004258260126374
Uttarakhand,ALMORA,1265.1605090550056,19.862282532056522
Uttarakhand,BAGESHWAR,1390.0246156764897,10.969513643173684
Uttarakhand,CHAMOLI,1459.478449584061,4.6483381264815975
Uttarakhand,CHAMPAWAT,1457.3335776782494,17.801259361617713
Uttarakhand,DEHRADUN,1682.697815848878,19.167041134954573
Uttarakhand,NAINITAL,1490.1788537191449,20.350358453786242
Uttarakhand,PITHORAGARH,1664.138936505338,7.265055389902134
Uttarakhand,RUDRA PRAYAG,1361.9590665066457,7.211579404093509
Uttarakhand,TEHRI GARHWAL,1542.1764180731973,14.899491780823206
Uttarakhand,UDAM SINGH NAGAR,1358.7772752368978,24.12273957041474
Uttarakhand,UTTAR KASHI,1415.5056430679526,2.70710138857023
West Bengal,ALIPURDUAR,3892.53964876112,24.462902488848304
West Bengal,BANKURA,1465.2777483765997,26.29442414154489
West Bengal,BIRBHUM,1456.7691905053387,26.431450621580716
West Bengal,JALPAIGURI,3151.0713669243746,23.879042871814402
West Bengal,JHARGRAM,1606.8488292800455,27.290711796649777
West Bengal,KALIMPONG,2730.0218350485243,18.91881360818871
West Bengal,MALDAH,1502.5386215152646,25.211084439050826
West Bengal,MURSHIDABAD,1451.7079472052774,25.86284233249837
West Bengal,NADIA,1516.6650021866535,26.08327170889827
